gcs_id,gcs_part_id,manufacturer_part_number,manufacturer,spare_category,description,primary_location,common_spare_part,max_stock,min_stock
1,RLSZSEL311C,0311C11HR3B5461,SCHWEITZER,RELAY,DISTANCE PROTECTION RELAY (LINE PROTECTION)|SEL-311C|125VDC INPUT,STORAGE,true,1,1
2,RLSZSEL3530,35304BB0X1211X0XXXXXX,SCHWEITZER,RELAY,SEL-3530 RTAC,STORAGE,true,1,1
3,RLSZSEL351-7,035173C3B546X1,SCHWEITZER,RELAY,SEL-351|PROTECTION SYSTEM | 48/125VDC POWER SUPPLY | 125VDC INPUT V,STORAGE,true,1,1
4,RLSZSEL2440,24402H11A6111630,SCHWEITZER,RELAY,"DISCRETE I/O MODULE | SEL 2440| 16 DIGITAL INPUT, 32 DIGITAL OUTPUT (16 HIGH CURRENT INTERRUPTING AND 16 STANDARD OUTPUT) (16DI,32DO); 125 VDC/VAC DIGITAL INPUT VOLTAGE",STORAGE,true,1,1
5,RLSZSEL421,04214615XB0X4H77444XX,SCHWEITZER,RELAY,SEL-421,STORAGE,true,1,1
6,RLSZSEL487E,0487E3X411XXB0X4H74444X,SCHWEITZER,RELAY,"PROTECTION AUTOMATIC CONTROL DPAC  | SEL 487E | 24 OPTOISOLATED LEVEL-SENSITIVE INPUTS, 8 OUTPUTS",STORAGE,true,1,1
7,RLSZSEL487E-2,0487E3X611XXB0X4H77444X,SCHWEITZER,RELAY,"PROTECTION AUTOMATIC CONTROL DPAC  | SEL 487E |8 OPTOISOLATED INDEPENDENT LEVEL-SENSITIVE INPUTS, 13 HIGH-CURRENT INTERRUPTING FORM A, 2 STANDARD FORM C OUTPUTS",STORAGE,true,1,1
8,RLSZSEL2829M,SEL-2829M,SCHWEITZER,RELAY,SEL-2829M,STORAGE,true,1,1
9,CHMPAT10130030E240,AT10130030E240,MDS POWER,E-HOUSE BATTERY CHARGER,"1P CHARGER 130VDC @30A OUTPUT, 240VAC INPUT.  CHARGER/RECTIFIER",ON SITE,true,1,1
10,CHMPAT-AUX-RELAY,AT-AUX-RELAY,MDS POWER,RELAY / E-HOUSE BATTERY CHARGER,ALARM RELAY BOARD,ON SITE,true,1,1
11,CVMPCOMSKIT,AT-COMM Kit,MDS POWER,CABLES/WIRING/HARNESS / E-HOUSE BATTERY CHARGER,COMS KIT,ON SITE,true,1,1
12,PTSTRY6A,RY6A 16100-115-115,SADTEM,POWER TRANSFORMER (PT) - HV,VT 27.6KV 150KVBIL 60HZ 16100-115-115 1000VA,BRUINING / UNITY,true,1,1
13,CTSTSW54,SW54 300-5-5A,SADTEM,CURRENT TRANSFORMER (CT) - HV,CT 27.5/50/150KV 60HZ 25KA 1S 1.5 CCRF 300:5:5,ON SITE,true,1,1
14,PTSTVE9A,VE9,SADTEM,POWER TRANSFORMER (PT) - HV,"OUTDOOR VTS, 50/95/250KV 46000:115 1000VA AE-1275.  PT FOR PROTECTION",UNITY,true,1,1
15,CTSTOCF52-4,OCF52-4,SADTEM,CURRENT TRANSFORMER (CT) - HV,"OUTDOOR CTS 50/95/250KV 100:5 15 KA 1 SEC, 1.5CCRF AE-1648.  CT FOR PROTECTION",ON SITE,true,1,1
16,CTSTKYE-24,KYE-24,SADTEM,CURRENT TRANSFORMER (CT) - HV,"200:5, 16000:115 3P METERING UNIT",BRUINING,true,1,1
17,CTSTOCF52-3,OCF52-3,SADTEM,CURRENT TRANSFORMER (CT) - HV,SETTLEMENT METERING. CTS,BRUINING / ODESSA,true,1,1
18,CVMPMDC130-24,MDC130-24/40-2U,MDS POWER,DC/DC CONVERTER / E-HOUSE BATTERY CHARGER,DC/DC CONVERTER,ON SITE,true,1,1
19,CVMP1000-125-2U,1000-125-2U,MDS POWER,INVERTER / E-HOUSE BATTERY CHARGER,MAJORSINE 1000-125-2U | INVERTER,ON SITE,true,1,1
20,FRFWFGR115RC,FGR115RC,FREEWAVE TECHNOLOGIES,FREEWAVE RADIO,KNY-6231812519 | 2329B-DGR09RAS | FREEWAVE RADIO,RAY,true,1,1
21,CHMPAT-AUX-RELAY,AT-AUX-RELAY,MDS POWER,RELAY / E-HOUSE BATTERY CHARGER,ALARM RELAY BOARD,UNITY,true,1,1
22,RLSZSEL751A,751A61ACA3A73850620,SCHWEITZER,RELAY,SEL 751A|FEEDER PROTECTION RELAY,STORAGE,true,1,1
23,IGBT-SET3,30653179P5 / 30653179P3,SEMIKRON,IGBT SEMIKRON KITS,NEW IGBT KIT - 3 SETS OF SEMIKUBE IGBT STACK,ALFRED,true,1,1
24,SMA60-001080021411,60-001080021411 | LTNS08002001500,MICROELETTRICA,DC CONTACTOR,CONTACTOR 750VDC 800A 2-POLE 230VAC DOUBLE THROW CONTACTOR,ON SITE,true,1,2
25,SMA60-0001711,60-0001711 | LTNS08002001500DC,MICROELETTRICA,DC CONTACTOR,CONTACTOR LTNS0800 24VDC 2NO UL,ON SITE,true,1,2
26,TXVTCXX210304A,XX210304A,VTC,TRANSFORMER,VTC TRANSFORMER - 10 MVA,HWY 2S,true,1,1
27,TXSTNR708-21,R708-21,STEIN,TRANSFORMER,STEIN TRANSFORMER - 1.2 MVA,HWY 2S,true,1,1
28,IGBT-SET3,30653179P3_GCS,SEMIKRON,IGBT SEMIKRON KITS,REFURBISHED SEMIKRON (SEMIKUBE) IGBT KIT - 3 SETS = 6 SANDWICH BUS BAR | 12 IGBT BUS  1 | 12 IGBT BUS 2 | 15 LEM-HAFS | 30 CAPACITORS,NORFOLK / HWY2S / ODESSA / UNITY / ALFRED,true,1,1
29,HDHA19181,HA19181,HADDA,TRANSMISSION SHAFT,TRANSMISSION SHAFT - NEW2021 V2 | 40CR,ON SITE,true,5,2
30,PCDIGIMODEMIX20,PAHMDT000086 |PAFTNS000739 | PASIBB000063 | PAFTNS000714,DIGI,SWITCH / FREEWAVE RADIO,IX20 DIGI MODEM: PAHMDT000086 |PAFTNS000739 | PASIBB000063 | PAFTNS000714,HWY 2S,true,1,1
31,FHEN115661.21,115661.21,ENTRELEC,AC FUSE HOLDER,M4/6 FUSE HOLDER 120VAC NEON,ON SITE,false,5,3
32,FHEN115663.23,115663.23,FUSETEK,AC FUSE HOLDER,M4/6 FUSE HOLDER 24VDC LED,ON SITE,false,5,3
33,FUFT.315A250,218.315.P,FUSETEK,AC FUSE,0.315A 250V GLASS FUSE,ON SITE,false,5,3
34,FUFT1A250,218001.P,FUSETEK,AC FUSE,1A 250V GLASS FUSE,ON SITE,false,5,3
35,FUFT2A250,218002.P,FUSETEK,AC FUSE,2A 250V GLASS FUSE,ON SITE,false,5,3
36,FUFT4A250,218004.P,FUSETEK,AC FUSE,4A 250V GLASS FUSE,ON SITE,false,5,3
37,FUFT10A250,218010.P,FUSETEK,AC FUSE,10A 250V GLASS FUSE,ON SITE,false,5,3
38,FUFT15A250,218015.P,FUSETEK,AC FUSE,15A 250V GLASS FUSE,ON SITE,false,5,3
39,FUFT5A600,CCMR5,LITTLEFUSE,AC FUSE,"5A, 600V CLASS CC AC/DC FUSE (MERSEN ATDR5). P&C RACK FUSES",ON SITE,false,5,2
40,PLBFCX5020-0121,CX5020-0121,BECKHOFF,PLC CONTROLLER (BECKHOFF),"PLC WINDOWS XP EMBEDDED, TWINCAT RUNTIME INSTALLED (KIT: ID: 40 & 41)",ON SITE,false,2,1
41,PLBFCX1900-0025,CX1900-0025,BECKHOFF,MEMORY STORAGE / PLC (BECKHOFF),2GB COMPACT FLASH CARD  (KIT: ID: 40 & 41),ON SITE,false,2,1
42,PLBFEL1008,EL1008,BECKHOFF,PLC CONTROLLER (BECKHOFF),8 CHANNEL DIGITAL INPUT,ON SITE,false,1,1
43,PLBFEL2008,EL2008,BECKHOFF,PLC CONTROLLER (BECKHOFF),8 CHANNEL DIGITAL OUTPUT,ON SITE,false,1,1
44,PLBFEL4002,EL4002,BECKHOFF,PLC CONTROLLER (BECKHOFF),"2-CHANNEL ANALOG OUTPUT TERMINAL 0…10 V, 12 BIT",ON SITE,false,1,1
45,PLBFEK1100,EK1100,BECKHOFF,PLC CONTROLLER (BECKHOFF),ETHERCAT COUPLER,ON SITE,false,1,1
46,PLBFEL3413,EL3413,BECKHOFF,PLC CONTROLLER (BECKHOFF),EL3413 ETHERCAT POWER.  MEASUREMENT TERMINAL,ON SITE,false,1,1
47,FUSI40A27,3000613-040,SIBA,HV FUSE,"40A 10/27KV, 442MM DIN FUSE | HV FUSE LINK",ON SITE,false,2,1
48,RLSC12A24,RSB1A120BD,SCHNEIDER,RELAY,24VDC 12A 250VAC RELAY,ON SITE,false,1,1
49,CBAB40A3PAC,S203U-K40,ABB,AC BREAKER,"3P, 208VAC, 40A BREAKER",ON SITE,false,1,1
50,CBAB5A3PAC,K203M-K6AUC,ABB,AC BREAKER,"3P, 208VAC, 5A BREAKER",ON SITE,false,1,1
51,CBAB25A3PAC,S203UP-K25A,ABB,AC BREAKER,25A 3P 208VAC MINIATURE CIRCUIT BREAKER,ON SITE,false,1,1
52,CBAB15A1PAC,S201M-K16AUC,ABB,AC BREAKER,"1P, 208VAC, 15A BREAKER",ON SITE,false,1,1
53,CBAB15A2PAC,S202M-K16UC,ABB,AC BREAKER,"2P, 208VAC, 15A BREAKER",ON SITE,false,1,1
54,CBAB30A2PDC,S202-K32ADC,ABB,AC BREAKER,"2P, 24VDC, 30A BREAKER",ON SITE,false,1,1
55,CBAB15A3PAC,S203UP-K15A,ABB,AC BREAKER,15A 3P 208VAC MINIATURE CIRCUIT BREAKER,ON SITE,false,1,1
56,CBAB20A3PAC,S203M-K20-UC,ABB,AC BREAKER,"3P, 208VAC, 20A BREAKER",ON SITE,false,1,1
57,CBAB63A2PDC,S202UDC-63A,ABB,AC BREAKER,63A 2P 24VDC MINIATURE CIRCUIT BREAKER. P&C RACKS,ON SITE,false,1,1
58,CBAB40A2PDC,S202M-K40ADC,ABB,AC BREAKER,40A 2P 24VDC MINIATURE CIRCUIT BREAKER,ON SITE,false,1,1
59,CBAB20A2PDC,202M-K20DC,ABB,AC BREAKER,"2P, 24VDC, 20A BREAKER",ON SITE,false,1,1
60,CBAB15A2PDC,K202M-K16ADC,ABB,AC BREAKER,"2P, 24VDC, 15A BREAKER",ON SITE,false,1,1
61,CBAB5A2PDC,S202M-K3A-DC,ABB,AC BREAKER,"2P, 24VDC, 5A BREAKER",ON SITE,false,1,1
62,CBAB3A2PDC,S202MDC-K3,ABB,AC BREAKER,"2P, 24VDC, 3A BREAKER",ON SITE,false,1,1
63,CBAB300A3PDC,TS4H300DW,ABB,AC BREAKER,"300A, 3P, 250AMP TRIP UNIT 600VDC CSA/UL MOULDED CASE BREAKER | T4S250 TMA300/1000-2000 FFCL 3P",ON SITE,false,2,1
64,PBSCXB4BW33B5,XB4BW33B5,SCHNEIDER,PUSH BUTTON / RELAY,PUSHBUTTON GREEN LED 24V 22MM XB4 +OPTIONS,ON SITE,false,1,1
65,FUSI125A27,3028713-125,SIBA,HV FUSE,125A 27.6KV 85 X 442MM DIN FUSE,ON SITE,false,2,1
66,LAOB300039,300039,OHIO BRASS,LIGHTNING SURGE ARRESTER,INTERMEDIATE CLASS (48KV) INCOMING POLES,ON SITE,false,2,1
67,LACI21353004191,21353004191/2137178741,COOPER INDUSTRIES/ SUB HUBBELL,LIGHTNING SURGE ARRESTER,E-HOUSE 21KV LIGHTNING ARRESTORS / HUBBELL DISTRIBUTION,ON SITE,false,1,1
68,PBSCXB4BW34B5,XB4BW34B5,SCHNEIDER,PUSH BUTTON / RELAY,PUSHBUTTON RED LED 24V 22MM XB4 +OPTIONS,ON SITE,false,1,1
69,CBSCNW20H,NW20H,SCHNEIDER,AC BREAKER,"2000A, 3P, MASTERPACT NW BREAKER, C/W MICROLOGIC 6.0A",ON SITE,false,1,0
70,CTFCVTH-014E,VTH-014E,FLEX-CORE,AC CURRENT TRANSFORMER (CT),DC VOLTAGE TRANSDUCER OUTPUT 4-20MADC; INPUT: 0-1000VDC,ON SITE,false,1,1
71,LAWP859902WPS-KIT,859902WPS-KIT,WPS,LIGHTNING SURGE ARRESTER,LIGHTNING SURGE PROTECTOR/ARRESTER KIT.  CABLE & GROUND WIRE INCLUDED,ON SITE,false,1,1
72,LACIUIAA021017A1051A11,UIAA021017A1051A11,COOPER INDUSTRIES,LIGHTNING SURGE ARRESTER,21KV MCOV LIGHTNING ARRESTOR | COOPER INDUSTRIES,ON SITE,false,2,1
73,CBAB20A2PAC,S202UP-K20A | S202M-K20,ABB,AC BREAKER,20A 2P 208VAC MINIATURE CIRCUIT BREAKER - HEATER,ON SITE,false,1,1
74,SWABOT25F,OT25F | OT25F3,ABB,SWITCH / RECOMBINER BREAKERS,RECOMBINER SWITCH.  LOW VOLTAGE SWITCH,ON SITE,false,1,1
75,CECIBBMC4,CCBF09F15DS250SP2USE2BBMC4,COOPER INDUSTRIES,COMBINER BOX,CECICCBF09F15DS250SP2USE2BBMC4 - COMBINER BOX,ON SITE,false,1,1
76,LAABQ048SA039A,Q048NA039A / 3000393001,ABB /SUB  HUBBELL,LIGHTNING SURGE ARRESTER,INTERMEDIATE CLASS.  LA-1 STATION CLASS SURGE ARRESTOR 39 MCOV|1HSA2011-013,ON SITE,false,2,1
77,FUBMPV-15A10F,PV-15A10F,COOPER BUSSMAN,DC FUSE,PV-15A10F COMBINER BOX FUSES - EATON,ON SITE,false,100,50
78,PS-CTEC2410-1,NCPA609G1004,C-TEC,POWER SUPPLY,CTEC POWER SUPPLY NCPA0609G01010 / JP SCHNEIDER,ON SITE,false,5,2
79,JBBZS412,S412-1C1258-0005,BIZLINK,LIDS / HARDWARE (BOLTS),JUNCTION BOX LIDS FROM BIZLINK,ON SITE,false,0,0
80,CBABS202U-K5,SU202M-C58,ABB,AC BREAKER,CB; 5A 2P;10KA;240VAC;UL489 | S202U-5,ON SITE,false,1,1
81,PSPH2866789,2866789,PHOENIX CONTACT,POWER SUPPLY,QUINT-PS/1AC-24DC/40A - POWER SUPPLY,ON SITE,false,1,1
82,SMA-K3G310-AV52-06,K3G310-AV52-06,HADDA,FAN,"SMA IGBT FANS.  EBM FAN 380-480VAC,1.75A 1000W",ON SITE,false,2,1
83,SMAPS2866336,2866336,SMA,POWER SUPPLY,MINI-PS-100-240AC/24VDC/C2LPS | PHOENIX CONTACT (POWER SUPPLY),ON SITE,false,2,1
84,SMAPS2966265,2966265,SMA,RELAY / POWER SUPPLIES,PLC-RSC- 24DC/21AU | PHOENIX CONTACT,ON SITE,false,2,1
85,SMAPS2938840,2938840,SMA,POWER SUPPLY / POWER SUPPLIES,MINI-PS-100-240AC/24DC/1 | PHOENIX CONTACT,ON SITE,false,1,1
86,SMACTHAX200S,HAX 2000-S,LEM,AC CURRENT TRANSFORMER (CT),"CT - HAX 2000-S LEMS23-20 - CURRENT TRANSDUCER, 2000A",ON SITE,false,6,3
87,CBABS300U-16,S203M-K16,ABB,AC BREAKER,16A 3PHASE AC BREAKER | FA2160 BREAKER,ON SITE,false,1,1
88,AFF2160,AFF2160,HADDA,INVERTER AIR FILTERS,680MM X680MM AIR FILTER FOR FA2160,ON SITE,false,1,0
89,CNHX21CBB,HX21CBB,GIGAVAC,DC CONTACTOR,"350A CONTACTOR, SPST-NO, 24VDC COIL, SPST-NO AUX CONTACTS | DC CONTACTOR",ON SITE,false,2,1
90,SMAAF09Z-30-10,AF09Z-30-10,ABB,DC CONTACTOR,24-60V AC/20-60V DC | PART OF AF2050T-30-21,ON SITE,false,1,1
91,SMAAF2050T-30-11,AF2050-30-11*100-250V,ABB,AC CONTACTOR,100-250V AC/DC BREAKER-AC MAIN CONTACTOR,ON SITE,false,1,1
92,AFHD201901,AF201901,HADDA,AIR TRANSFORMER FILTER,AIR FILTER MESH FOR THE TRANSFORMERS,ON SITE,false,1,0
93,IG ZMBI1400VXB-120P-50,ZMBI1400VXB-120P-50,FUJI,IGBT SMA KITS,FUJI SMA 500CP IGBT (IGBT SMA KIT ID: 93 & 94 = 6 FUJI SMA | 6 SMA 500CP),ON SITE,false,12,6
94,CTHAT1000S-S,HAT 1000S-S - HLE1500S,LEM,IGBT SMA KITS,SMA 500CP IGBT | HAT 1000S-S CT  (IGBT SMA KIT ID: 93 & 94 = 6 FUJI SMA | 6 SMA 500CP) - LEMAC | 500CP | CTHLEHAX 1500-S,ON SITE,false,12,6
95,SMASC20CONTGRH3-00.01,SC20CONTGRH3-00.01,SMA,DIGITAL CONTROL BOARD,SC20CONT.GR-H3 VERSION H2 | SMA CP MAIN BOARD,ON SITE,false,1,1
96,SMASCDSTM1015BG-00.02,SCDSTM1015BG-00.02,SMA,DIGITAL CONTROL BOARD,SCDSTM1015BG-00.02 | SCDSTM1015BG VERSION B3 | SMA CP,ON SITE,false,1,1
97,SMASCAST1015GR4-00.02,SCAST1015GR4-00.02,SMA,DIGITAL CONTROL BOARD,SCAST1015GR4-00.02 | INTERFACE- AND CONTROL UNIT OF INVERTER BRIDGE (STACKS) AS SPARE PART FOR SUNNY CENTRAL PV INVERTERS AND SUNNY CENTRAL STORAGE BATTERY INVERTERS OF TYPE CP,ON SITE,false,1,1
98,SMASC20CAIOGR3-00.01,SC20CAIOGR3-00.01,SMA,DIGITAL CONTROL BOARD,SC20CAIOGR3-00.01 | SC20CAIO.GR3 V F1 - IO EXPANSION FOR SC20CONT SMA 500 CP,ON SITE,false,1,1
99,SMA42-4611,42-4611,SMA,CABLES/WIRING/HARNESS / DIGITAL CONTROL BOARD,42-4611 | RJ45-CAN-BUS TERMINATION PLUG 120R,ON SITE,false,1,1
100,SMASCCOMGR6-00.01,SCCOMGR6-00.01,SMA,DIGITAL CONTROL BOARD,SCCOMGR6-00.01 |  SCCOMGR6 VERSION C2,ON SITE,false,1,1
101,SMA41-71222,41-71222,SMA,CABLES/WIRING/HARNESS / CONTROL BOARDS,PATCH CABLE SFTP 2XRJ45 CAT5E 5M GY,ON SITE,false,1,1
102,HDFANMOTOR9500,HUFAN9500CFM,HADDA,FANS,FAN MOTOR | I-HOUSE FANS | 9500CFM 208VAC / 3PH,ON SITE,false,1,1
103,CBSC50A2P,QOB250,SCHNEIDER,AC BREAKER,50A2P CIRCUIT BREAKER.  MAIN BREAKER,ON SITE,false,0,0
104,CBSC40A2P,QOB240,SCHNEIDER,AC BREAKER,40A2P CIRCUIT BREAKER. HVAC,ON SITE,false,0,0
105,CBSC20A2P,QOB220,SCHNEIDER,AC BREAKER,20A 2P CIRCUIT BREAKER. 89-L CIRCUIT,ON SITE,false,0,0
106,LAOB300017,30017,OHIO BRASS,LIGHTNING SURGE ARRESTER,21KV LIGHTNING SURGE ARRESTORS (INCOMING LINE - POLE 2),ON SITE,false,1,1
107,LACIUIAA024019A1251A11,UIAA024019A1251A11,COOPER INDUSTRIES,LIGHTNING SURGE ARRESTER,24KV LIGHTNING SURGE ARRESTORS (E-HOUSE),ON SITE,false,1,1
108,RLEM632A314,632A314,E-MAX  INDUSTRIES,RELAY,"TYPE RAW-2 TRIP CIRCUIT MONITOR,24VDC",ON SITE,false,1,1
109,FUSI100A36,30002413.100,SIBA,HV FUSE,VDE0670 T4 | 36KV 100A CAT# 30002413.100 (89-1 AND 89-2),ON SITE,false,2,1
110,FUFT.5A250,0218.500VXP,FUSETEK,AC FUSE,0.5A250V GLASS FUSE,ON SITE,false,5,3
111,RLSCRM17TG20,RM17TG20,SCHNEIDER,RELAY,"3P,PHASE LOSS RELAY, 208-440",ON SITE,false,1,1
112,CBAB30A1PAC,S201U-K30,ABB,AC BREAKER,"30A, 1P, 208VACCSA/ULMINIATURE CIRCUIT BREAKER. 208V 2KW HEATER",ON SITE,false,1,1
113,PLBFEL9100,EL9100,BECKHOFF,PLC CONTROLLER (BECKHOFF),PASSIVE POTENTIAL FEED,ON SITE,false,1,1
114,PLBFEL3318,EL3318,BECKHOFF,PLC CONTROLLER (BECKHOFF),8 CHANNEL THERMOCOUPLE INPUT,ON SITE,false,1,1
115,PLBFEL3058,EL3058,BECKHOFF,PLC CONTROLLER (BECKHOFF),"8-CHANNEL INPUT, 4‐20MA",ON SITE,false,1,1
116,CBAB200A3PDC,T4NQ200TW-A2S8EN,ABB,RECOMBINER BREAKERS,"200A, 3P, 600VDC, T4N BREAKER |  T4N250 TMA200/1000-2000 FFCL 3P",ON SITE,false,1,1
117,CBAB150A3PDC,T4NQ150TW-A2S8EN,ABB,RECOMBINER BREAKERS,"150A, 3P, 600VDC, T4N BREAKER | T4N250 TMA150/625-1250 FFCL 3P",ON SITE,false,1,1
118,CBAB100A3PDC,T4NQ100TW-A2S8EN,ABB,RECOMBINER BREAKERS,"100A, 3P, 600VDC, T4N BREAKER | T4N250 TMA100/500-1000 FFCL 3P",ON SITE,false,1,1
119,CBAB80A3PDC,T4NQ080TW-A2S8EN,ABB,RECOMBINER BREAKERS,"80A, 3P, 600VDC, T4N BREAKER |T4N250 TMA80/400-800 FFCL 3P",ON SITE,false,1,1
120,CTLMC420,DHR-200-C420,LEM,AC CURRENT TRANSFORMER (CT),"LEM200A TRANSDUCER ,4‐20MA.",ON SITE,false,2,2
121,LAOB213717PDV,213717PDV,OHIO BRASS,LIGHTNING SURGE ARRESTER,21KV (INCOMING LINE - POLE 2),ON SITE,false,2,1
122,FUST1A26,FCA22-1E,SADTEM,HV FUSES,PT FUSE 1A; 25.8KV.  FUSETEK.  SADTEM,ON SITE,false,3,2
123,CBSCSF136KV630A,SF1-Breaker,SCHNEIDER,AC BREAKER,36KV 170KV 20KA 630A SF6 BREAKER W/24VDC CONTROL,ON SITE,false,0,0
124,FUSS42100337,42100337,SOUTHERN STATES LLC,HV FUSES,34.5/38KV 250A HPA FUSE LINK,ON SITE,false,2,1
125,SWNT712FX4-SC,712FX4-SC,N-TRON,NETWORK SWITCH (BECKHOFF),MANAGED NETWORK SWITCH .  FIBER OPTIC SWITCH,ON SITE,false,1,1
126,PSSMA2320539,QUINT4-CAP/24DC/5/4KJ,PHOENIX CONTACT,INVERTER PARTS / POWER SUPPLIES,"DC BUFFER, PHOENIX CONTACT |2320539 = ID: 78 (WILL NOT BUY MORE)",ON SITE,false,1,1
127,RLIMETS-1CN-SL,ETS-1CN-SL-24VDC,IMO,RELAY,MIN IRELAY 24VDC,ON SITE,false,1,1
128,PLBFEK1110,EK1110,BECKHOFF,NETWORK SWITCH (BECKHOFF),ETHER CAT EXTENSION,ON SITE,false,1,1
129,SWBBESW208-2MT,ESW208-2MT/EKI5524-ST,B & B ELECTRONICS,NETWORK SWITCH (BECKHOFF),"UNMANAGED ETHERNET SWITCH (6 COPPER/2 MULTI NODE) FIBER OPTIC CONNECTION: COMBINE (HDEKI-5524MMI-ST-AE - PROVIEW,4+2MMF 10/100MBPS FIBEROPTIC SWITCH W/ST & HDEKI-2525-ETHSWITCH - UNMANAGED ETHERNET SWITCHES 5-PORT 10/100MBS)",ON SITE,false,1,1
130,FUSS41100337,41100337,SOUTHERN STATES LLC,HV FUSE HOLDER,34.5KV 400A HPA FUSE HOLDER.  MOTORIZED INCOMING SWITCH (89-L),ON SITE,false,2,1
131,PLC9900H372,C9900H372,BECKHOFF,DIGITAL BOARD / CONTROL BOARDS,8GB USB STICK,ON SITE,false,1,1
132,PVAMMC4,MC4,AMPHENOL,PV CONNECTORS - HARDWARE (BOLTS),PV CONNECTOR - MC4,ON SITE,false,50,25
133,SNCS05103-10-L,05103-10-L,CAMPBELL SCI,SENSORS,RM YOUNG WIND SENSOR MONITOR,ON SITE,false,0,0
134,LAOB300739,30039,OHIO BRASS,LIGHTNING SURGE ARRESTER,INTERMEDIATE CLASS (48KV) INCOMING POLES|39KV MCOV|48KV DUTY CYCLE | 25976047,ON SITE,false,2,1
135,FUSI25A600,CCMR25,LITTLEFUSE,HV FUSES,"25A, 600V CLASS CC AC/DC FUSE - LITTLEFUSE",ON SITE,false,5,1
136,FHFT630A36,DW-820-1,FUSETEK,HV FUSE HOLDER,630A 45MM DIN FUSE CLIP WITH CLIPHOLDER,ON SITE,false,1,1
137,SMACB503UC,S503UC-K5.8,SMA,AC BREAKER,3P 750VDC 30KA BREAKER | ABB BREAKER S503UC-K5.8,ON SITE,false,1,1
138,SMACB203-K16,S203-K16,ABB,AC BREAKER,3P.208VAC.16A BREAKER,ON SITE,false,2,1
139,SMACAE50.N13,E50.N13-424NT0,SMA,CAPACITOR,420UF 1100VDC CAPACITOR,ON SITE,false,1,1
140,SMACAE62.S23,E62.S23-204M30,SMA,CAPACITOR,MKP 3*200UF CAPACITOR | E62.S23-204M30,ON SITE,false,2,1
141,IGSMIGD8426P1N9BHFA,08801704AB,SEMIKRON,IGBT NEW SEMI-CUBE KITS,IGD-8-426-P1N9-BH-FA SEMIKUBES | IGBT SMA 500-HE US,ON SITE,false,0,0
142,IGSM-R-IGD8426P1N9BHFA,IGD8426P1N9BHFA-R,SEMIKRON,IGBT NEW SEMI-CUBE KITS,IGD-8-426-P1N9-BH-FA REFURBISHED SEMIKUBE | IGBT SMA 500-HE US,ON SITE,false,0,0
143,SMAE2B1600R1600,E2B1600 R1600 / SACE E2S-A 16,ABB,AC BREAKER,E2B1600 R1600 | PR121/P-LI WMP 3P NST | BREAKER - ABB / EMAX E2S 1600A BREAKER COMPLETE WITH PR123,ON SITE,false,1,1
144,SMAFP:E2 WHR-HR 3P,FP:E2 WHR-HR 3P,SMA,AC BREAKER,FP:E2 WHR-HR 3P | BASE CRADLE FOR E2B1600 R1600,ON SITE,false,1,1
145,LACI41AA48239A2211A11,UIAA048039A2211A11,COOPER INDUSTRIES,LIGHTNING SURGE ARRESTER,INTERMEDIATE CLASS (48KV) INCOMING POLES,ON SITE,false,2,1
146,SMABDMMTCON-S1,MMTCON-S1,SMA,DIGITAL CONTROL BOARD,MMTCON-S1 SMA BOARD: SUNNY CENTRAL CONTROLLER BOARD - SEMIKUBE (INVERTER MAINBOARD),ON SITE,false,1,1
147,FUSI100A27,3028713-100,SIBA,HV FUSE,100A 27.6KV 442MM DIN FUSE | HV FUSE LINKS|89-L|D-44534 (VDE 0670 T4 IEC60282-1),ON SITE,false,2,1
148,FUSI3028813.40,3028813.40,SIBA,HV FUSE,"40A, 10/27KV 85 X 442 MM DIN FUSE",ON SITE,false,2,1
149,CVMP2000-125-2U,MAJORSINE2000-125-2U,MDS POWER,INVERTER / E-HOUSE BATTERY CHARGER,2KVA 125VDC UTILITY INVERTER | INPUT 125VDC 20A,ON SITE,false,1,1
150,IVBE1000A48DC,10014005,BENNING,INVERTER / E-HOUSE BATTERY CHARGER,INVERTRONIC COMPACT INVERTER MODULE 125VDC IN 120VAC OUT,ON SITE,false,1,1
151,PSBED173-415,10035371,BENNING,POWER SUPPLY,D173-415 G 48/40-120 BWRU-PD |10035371.00| SLIM LINE POWER SUPPLY 600SE,ON SITE,false,1,1
152,BCAL100G-13,100G-13,ABSOLYTE,E-HOUSE BATTERY CHARGER,600A H 13 / 1.75 VDC | BATTERY,ON SITE,false,0,0
153,RLSZSEL2440-2,24402H11A1A11630,SCHWEITZER,RELAY,"DISCRETE I/O MODULE | SEL 2440| 32 DIGITAL INPUT, 16 DIGITAL OUTPUT (32DI,16DO); 125 VDC/VAC DIGITAL INPUT VOLTAGE",STORAGE,false,1,1
154,RFBE20A125,1002828,BENNING,RECTIFIER / E-HOUSE BATTERY CHARGER,"RECTIFIER 125 VDC, 20A DC | E110-277G140/18 21",ON SITE,false,1,1
155,CBGE30A2PDC,TEYL2030B,GE,RECOMBINER BREAKERS,"125 VDC CB, 2P, 30A | DC BREAKER",ON SITE,false,1,1
156,CBGE1002PDC,T1N100TL,ABB,RECOMBINER BREAKERS,"125 VDC CB, 2P, 100A | DC BREAKERS",ON SITE,false,1,1
157,FULF0217.500HXP,0217.500HXP,LITTLEFUSE,AC FUSES,"0.5A G;ASS FUSE, 5X20 MM, FAST ACTING",ON SITE,false,5,2
158,MCABMC502,1SAP180100R0001,ABB,MEMORY STORAGE - PLC (BECKHOFF),"MC502, SD MEMORY CARD 512MB",ON SITE,false,1,1
159,RLABDC532,1SAP240100R0001,ABB,PLC CONTROLLER (BECKHOFF),"DC532, 24VDC DIGITAL INPUT/OUTPUT MODULE",ON SITE,false,1,1
160,RLABCM577-ETH,1SAP170700R0001,ABB,NETWORK SWITCH (BECKHOFF),"CM577-ETH, COMMUNICATION MODULE ETHERNET 2XRJ45",ON SITE,false,1,1
161,RLPX2866796,2866763,PHOENIX CONTACT,POWER SUPPLY,24VDC 10AMP POWER SUPPLY - QUINT-PS/1AC/24DC/10,ON SITE,false,2,1
162,SWMXIKS-6726-F-HV-T,IKS-6726-F-HV-T,MOXA,NETWORK SWITCH / PLC (BECKHOFF),ETHERNET NETWORK SWITCH(COPPER & FIBER),ON SITE,false,1,1
163,RLABPM573,1SAP130300R0271,ABB,RELAY / PLC (BECKHOFF),"PM573  ETH, AC500 CPU",ON SITE,false,1,1
164,CBAB10A1PAC,S201U-K10,ABB,AC BREAKER,10A; CIRCUIT BREAKER; BRANCH CIRC. PROTECTION; K CURVE; 1-P; 10A; 10KA; 240VAC,ON SITE,false,1,1
165,FUSE7484-L,SMD-2C TCC#153-1,S&C,HV FUSE,125E FUSE 7484-L (LBS 1-FUSE).  INCOMING SWITCH,ON SITE,false,4,2
166,FUMTPE46001,PE46001,MINDCORE TECHNOLOGIES,HV FUSE,FU-H.01  PT 1A FUSE PRIMARY,ON SITE,false,4,2
167,RLEL78PB05D-005,78PB05D-005,ELECTROSWITCH,RELAY,LOCKOUT RELAY,ON SITE,false,1,1
168,FUIT450.003,450.003,ITC,AC FUSES,3A FUSE 10.8X33 MM,ON SITE,false,1,1
169,FUIT450.006,450.006,ITC,AC FUSES,6A FUSE 10.8X33 MM,ON SITE,false,1,1
170,FUIT450.010,450.010,ITC,AC FUSES,10A FUSE 10.8X33 MM,ON SITE,false,1,1
171,RLABDX522,1SAP245200R0001,ABB,RELAY / PLC (BECKHOFF),"DX522, 24VDC 8DI, DO MODULE",ON SITE,false,1,1
172,RLABAX522,1SAP250000R0001,ABB,RELAY / PLC (BECKHOFF),"AX522,8AI, 8AO MODULE",ON SITE,false,1,1
173,FULF0217.001HXP,0217.001HXP,LITTLEFUSE,AC FUSES,"1 AMP - GLASS FUSE, 5X20MM FAST ACTING",ON SITE,false,5,2
174,SWMXEDS-516A-MM-SC-T,EDS-516A-MM-SC-T,MOXA,NETWORK SWITCH / PLC (BECKHOFF),10/100BASE T(X) PORTS,ON SITE,false,1,1
175,RLEL7803D,7803D,ELECTROSWITCH,RELAY,LOCKOUT RELAY - SERIES 24,ON SITE,false,1,1
176,FULF0217.002HXP,0217.002HXP,LITTLEFUSE,AC FUSES,2 AMP GLASS FUSE 5X20 MM,ON SITE,false,5,2
177,FUAB40A36,1YMB531006M0005,ABB,HV FUSES,"HEAVY BUS CLIPS 36 KV, 40A FUSE | CEF 36KV 40A 537MM",ON SITE,false,1,1
178,TRABFYBX017WW9,FYBX017WW9,ABB,TRANSFORMER,"1 MVA, 27.6/02 KV THREE WINDING I-HOUSE TRANSFORMER",ON SITE,false,0,0
179,CBEAHFDDC3175W,HFDDC3175W,EATON,RECOMBINER BREAKERS,RECOMBINER 175A BREAKER1,ON SITE,false,2,1
180,CTTAL03S200D15,L03S200D15,TAMURA,AC CURRENT TRANSFORMER (CT),CT INSIDE RECOMBINER CABINET,ON SITE,false,1,1
181,PSSN17061,PS17061,SATCON,POWER SUPPLY,POWER SUPPLY 24VDC 4.0A | 3.8A CONFORMAL COATED 30G | 2938837/2866336/2904599/2909577 (F163PH. CONTACT),ON SITE,false,2,1
182,CBEAFAZ-C41-NA-SP,FAZ-C4/1-NA-SP,EATON,AC BREAKER,SINGLE POLE 4A CIRCUIT BREAKER INSIDE RECOMBINER,ON SITE,false,1,1
183,TRABXFR2,XFR2,ABB,TRANSFORMER,"200/208 V, 30 KVA TRANSFORMER. TRANSFORMER FOR THE I-HOUSE",ON SITE,false,0,0
184,RFBE6157993,6157993,BENNING,RECTIFIER / E-HOUSE BATTERY CHARGER,"SLIMLINE SE | 208VAC/48VDC, 1500W RECTIFIER",ON SITE,false,1,1
185,CTSNLF306S,LF306-ST,LEM,DC CURRENT TRANSFORMER (CT),SATCON LEM GF/DC | CURRENT SENSOR HE/CL 300A,ON SITE,false,10,5
186,RLPX2864370,2864370,PHOENIX CONTACT,RELAY - AC CTS,RTD TO 4-20MA MINI MCR-SL-PT100-U1-200-NC|TEMPERATURE MEASURING TRANSDUCER,ON SITE,false,2,1
187,RLPX2864150,2864150,PHOENIX CONTACT,RELAY / POWER SUPPLIES,2-10 VDC TO 4-20MA MINI MCR-SL-U1-U1,ON SITE,false,2,1
188,RLPX2810913,2810939,PHOENIX CONTACT,AC FUSES,0-2.5 VDC TO 4-20 MA MCR-C-U1-U1-DCI | SIGNAL CONDITIONER|2810913,ON SITE,false,2,1
189,TRPOLE-50-44000,POLE-50-44000-L-L-120-240-CSA-1-V0,CES TRANSFORMERS,TRANSFORMER,"STATION TRANSFORMER: 50KVA OIL FILLED POLE TOP, 250KV.300KV BIL",ON SITE,false,1,1
190,PLICET-7017-10,ET-7017-10,ICP,PLC CONTROLLER / AC CONTACTOR,DIGITAL INPUT FOR CT IN THE RECOMBINER | ICP DAS CO,ON SITE,false,2,1
191,CRABBAF16-30-10-13,AF16-30-10-13,ABB,AC CONTACTOR,ABB CONTACTOR: 100-250V 50/60HZ DC,ON SITE,false,2,1
192,CRCT-MFS.21S,CT-MFS.21S,ABB,AC CONTACTOR,ABB: CT-MFS.21S 24-240 AC/DC | 10081647 | 1SVR730010R0200,ON SITE,false,2,1
193,CBSMA60-0001711,60-0001711,SMA,DC CONTACTOR,DC CONTACTOR  500KW | 60-0001711,ON SITE,false,1,1
194,ABB-FP-E2S-WHR3P,FP:E2S WHR-HR 3P,ABB,AC BREAKER,E2S1600 R1600 PR121 | BREAKER BASE,ON SITE,false,1,1
195,IGSKM400GB126DH2,SKM400GB126DH2,SEMIKRON,IGBT SEMIKRON KITS,SEMIKRON IGBTS - 500KW HE,ON SITE,false,2,1
196,SMAHAFS600-S/SP8,HAFS600-S/SP8,LEM,IGBT SEMIKRON KITS,IGBT DC CT FOR SEMIKRON CUBE | CT HAFS 600-S/SP8,ON SITE,false,6,3
197,SMA-K3G175-RC05-03,K3G175-RC05-03,SMA,FANS,SMA EC CENTRIFUGAL MODULE | AC CABINET FAN (OLD WAS 82),ON SITE,false,4,2
198,FUSESMD-2C,SMD-2C,S&C,HV FUSES,46KV 150E FUSE 7484-L (LBS 1-FUSE).  INCOMING SWITCH; SMD 2-C TCC 153-1,ON SITE,false,2,1
199,LAABQ0245A109A,Q024NA019A,ABB,LIGHTNING SURGE ARRESTER,24KV | 19.5 MCOV | LA-LV THROAT |,ON SITE,false,2,2
200,CBSC30A2P,QOB230,SCHNEIDER,AC BREAKER,"120VAC, 30A, 2P CIRCUIT BREAKER",ON SITE,false,1,1
201,FUSI6A27,3028913-006.3,SIBA,HV FUSES,"6.3A 27.6KV, 442MM DIN FUSE | HV FUSE LINK| TYPE-VDE-067074",ON SITE,false,2,1
202,RLSZSEL311C-24VDC,0311C11HR2E5121,SCHWEITZER,RELAY,DISTANCE PROTECTION RELAY (LINE PROTECTION)|SEL-311C| 24VDC INPUT (LOCATION: STORAGE),STORAGE,false,1,1
203,RLSZSEL351-7-24VDC,035173D2B512X1,SCHWEITZER,RELAY,PROTECTION SYSTEM | SEL-351| 24/48VDC POWER SUPPLY| 24VDC INPUT V  (LOCATION: STORAGE),STORAGE,false,1,1
204,SWGM2438D,2438D,GM FRASER,SWITCH / AC BREAKER,BREAKER CONTROL SWITCH,ON SITE,false,1,1
205,CBABS200U15,S200U-15,ABB,AC BREAKER,"15A, 2P 600VDC BREAKER",ON SITE,false,1,1
206,CBABS300U-5,S300U-5,ABB,AC BREAKER,"5A, 3P 600VDC CIRCUIT BREAKER",ON SITE,false,1,1
207,CBABS300U-40,S300U-40,ABB,AC BREAKER,"40A, 3P 600VDC CIRCUIT BREAKER",ON SITE,false,1,1
208,CBABS300U-20,S300U-20,ABB,AC BREAKER,"20A, 3P 600VDC CIRCUIT BREAKER",ON SITE,false,1,1
209,CBABS100U-15,S100U-15,ABB,AC BREAKER,"15A, 1P 600VDC CIRCUIT BREAKER",ON SITE,false,1,1
210,CBABT5N300TW,T5N300TW,ABB,RECOMBINER BREAKERS,"300A, 3P 600VDC CIRCUIT BREAKER",ON SITE,false,2,1
211,PBSCXB4BW3365,XB4BW3365,SCHNEIDER,PUSH BUTTON / RELAY,GREEN FLUSH COMPLETE ILLUM PUSHBUTTON Ø22 SPRING RETURN 1NO+1NC 250V,ON SITE,false,1,1
212,PBSCXB4BW3465,XB4BW3465,SCHNEIDER,PUSH BUTTON / RELAY,RED ILLUMINATED PUSHBUTTON (ZB4BW0B45 + ZB4BW343) - ON/OFF BUTTON,ON SITE,false,1,1
213,BBSM08800312,08800312,SEMIKRON,IGBT SEMIKRON KITS,DC CLAMP FOR IGBT,ON SITE,false,6,3
214,CBSC20A1P,QOB120,SCHNEIDER,AC BREAKER,20A 1P CIRCUIT BREAKER,ON SITE,false,0,0
215,FHSI200A45,3100302.20,SIBA,HV FUSE HOLDER,200A 45MM DIN FUSE CLIP WITH CLIPHOLDER,ON SITE,false,2,1
216,CBAB225A6003PDC,TS3H225DW,ABB,RECOMBINER BREAKERS,"225A, 3P, 600VDC CSA/UL MOULDED CASE SWITCH",ON SITE,false,2,2
217,CTSN20051,TR20051,SATCON,AC CURRENT TRANSFORMER (CT),SATCON LEM GF/DC | CURRENT SENSOR HE/CL 300A|LF306-S,ON SITE,false,2,1
218,CASN13128,CA13128,SATCON,CAPACITOR,CAP PFC 3X48UF 525VAC 50/60HZ DELTA CONN,ON SITE,false,2,1
219,FASN13555,FA13555,SATCON,FANS,FAN AX 105.9CFM 115VAC 6018W IMPD PROT M - CONTROL BOX FAN,ON SITE,false,1,1
220,FASN15353,FA15353,SATCON,FANS,FAN CENTRIFUG .355DIA 200-277VAC 50/60HZ - INVERTER BLOWER FAN|  R3G355-AM29-71 | EBMPAPST 4606N,ON SITE,false,4,2
221,FUSN13722,FU13722,SATCON,AC FUSES,FUSE FA 1A 600VAC CLMT 13/32DIAX1-1/3  - CONTROL BOARD,ON SITE,false,5,2
222,FUSN94059,FU94059,SATCON,AC FUSES,FUSE TD 10A 250VAC CLMT 1/4DIAX1-1/4  - CONTROL BOARD,ON SITE,false,5,2
223,FUSN94180,FU94180,SATCON,AC FUSES,FUSE FERRULE 5A 660VDC 27MMX60MM L/R = 1  |T098595,ON SITE,false,5,2
224,FUSN94350,FU94350,SATCON,AC FUSES,FUSE 5A 600VAC TD CLP MNTCLASS CC,ON SITE,false,5,2
225,FUSN94492,FU94492,SATCON,AC FUSES,FUSE 1000A@690VAC 200KA (AC700V) SIZE SQ,ON SITE,false,5,3
226,FUSN94493,FU94493,SATCON,AC FUSES,FUSE TD 7A 250VAC 1/4-X1-1/4 CERAMIC - FUAC,ON SITE,false,5,2
227,PCSN01196-03,PC01196-03,SATCON,DIGITAL BOARD - DPCB + IGBT BOARDS,PCB PSRCNP RESISTANCE NETWORK BD,ON SITE,false,1,0
228,PCSN02046-01-C,PC02046-01-C,SATCON,DIGITAL BOARD - DPCB + IGBT BOARDS,"PCB HUMAN-MACHINE INTERFACE BOARD, HMIB",ON SITE,false,1,0
229,PCSN02060-01-C,PC02060-01-C,SATCON,DIGITAL BOARD - DPCB + IGBT BOARDS,RTH2 BOARD COATED RELAY-THERMISTOR (INTB),ON SITE,false,1,0
230,PCSN02062-C,PC02062-C,SATCON,DIGITAL BOARD - DPCB + IGBT BOARDS,RESISTOR DIVIDER BOARD (RDB2) COATED,ON SITE,false,1,0
231,PCSN01100-C,PC01100-C,SATCON,DIGITAL BOARD - DPCB + IGBT BOARDS,"DPCB, DPCB-1, W/FIBER OPTIC PWM, I/F, CO (REFURBISHED)",ON SITE,false,2,1
232,PCSN01133-09-C,PC01133-09-C,SATCON,DIGITAL BOARD - DPCB + IGBT BOARDS,PCB DFOD COATED DUAL FIBER OPTIC DRIVER,ON SITE,false,2,1
233,PSSN17058,PS17058,SATCON,POWER SUPPLY,POWER SUPPLY 15VDC 2.0A CONFORMAL COATED CE (2938756/2904596/| 2904605) | NEW: 12-15V AT 2.5A.,ON SITE,false,6,4
234,PSSN17059,PS17059,SATCON,POWER SUPPLY,POWER SUPPLY +/-15VDC 1.0A CONFORMAL COATED (BEF: 2938743),ON SITE,false,6,4
235,CBHM1554F2GY,1554F2GY/1554FPL,HAMMOND,TRACKER - ENCLOSURE,"HAMMOND WATERPROOF POLYCARB PULSE COUNTER BOX/PANEL HEAVY DUTY STEEL UNFINISHED, ""F"", ""G"" SIZE ENCLOSURE",ON SITE,false,2,1
236,PSSN17077,PS17077,SATCON,POWER SUPPLY,POWER SUPPLY 15VDC 8A | MINI-PS-100-240AC (2866297/2904607-PHOENIX CONTACT),ON SITE,false,4,1
237,CTSN20560,TR20560,SATCON,CURRENT TRANSFORMER (CT) / POWER SUPPLY,CURRENT XFMR 2000:1 SPECIAL | AC LINE CT’S,ON SITE,false,5,3
238,FUSI3000811.315,3000811.315,SIBA,DC FUSES,"3.15A, 442MM, 36KV FUSE.  STATION SERVICE",ON SITE,false,2,1
239,IGSN20208,TS20208,SATCON,IGBT SATCON,FUJI IGBT 1600A 1200V E3 SERIES ISO BASE  (LOCATION: STORAGE - 1 SET: 12 UNITS),STORAGE,false,12,6
240,MOAT50053-000,50053-000,ARRAY TECH TECHNOLOGIES (ATI),TRACKER - MOTOR,1/2 HP 230/460 VAC 3 PHASE MOTOR ONLY 480V,ON SITE,false,2,1
241,GBAT40020-000,40020-000,ARRAY TECH TECHNOLOGIES (ATI),GEARBOX,MAIN GEAR BOX | BONFIGLIOLI P/N 2005801211,ON SITE,false,2,1
242,GBAT40005-000,40005-000,ARRAY TECH TECHNOLOGIES (ATI),GEARBOX,VR GEAR BOX,ON SITE,false,2,1
243,GBAT20133-000,20133-000,ARRAY TECH TECHNOLOGIES (ATI),NEW SLEW GEARBOX,NEW SLEW GEAR (SLAVE GEARBOX),ON SITE,false,2,1
244,HDAT20138-000,20138-000,ARRAY TECH TECHNOLOGIES (ATI),HARDWARE - TRACKER - UNIVERSAL JOINTS,"ASSY, UNIV JT, SPLND TO RND W/SET SCREW",ON SITE,false,5,3
245,COAT50040-000,S511E10N3D,ARRAY TECH TECHNOLOGIES (ATI),CONTACTOR / TRACKER - PLC,"REVERSING CONTACTORS, SOLID STATE - EATON",ON SITE,false,2,1
246,SWAT500059-000,500059-000 / PN SR13C-A1,ARRAY TECH TECHNOLOGIES (ATI),LIMIT SWITCHES,HALL EFFECT SENSORS - SWITCH,ON SITE,false,5,2
247,PLAT20014-000,20014-000,ARRAY TECH TECHNOLOGIES (ATI),PLC CONTROLLER - TRACKER,ENCODER BOX ASSEMBLY,ON SITE,false,2,1
248,SWAT20020-000,D4A-2501N,ARRAY TECH TECHNOLOGIES (ATI),LIMIT SWITCHES,LOGIC LIMIT SWITCH ASSEMBLY | OMRON,ON SITE,false,2,1
249,SWAT20019-000,ZCMD61,ARRAY TECH TECHNOLOGIES (ATI),LIMIT SWITCHES,SAFETY LIMIT SWITCH ASSEMBLY (BODY) / WIND STOW SENSOR,ON SITE,false,2,1
250,MOAT50041-000,50041-000,ARRAY TECH TECHNOLOGIES (ATI),BREAKER / TRACKER - MOTOR,"MOTOR PROTECTOR, MANUAL, 480V | PKZM0-4 | EATON ELECTRIC",ON SITE,false,2,1
251,MOAT50080-000,50080-000,ARRAY TECH TECHNOLOGIES (ATI),MOTOR / LIMIT SWITCHES,"RELEASE, SHUNT 480V 60HZ",ON SITE,false,1,1
252,SWAT50042-000,50042-000,ARRAY TECH TECHNOLOGIES (ATI),LIMIT SWITCHES,"SWITCH, E-STOP, 22MM",ON SITE,false,1,1
253,PSAT50016-000,50016-000,ARRAY TECH TECHNOLOGIES (ATI),POWER SUPPLY / TRACKER - PLC,"POWER SUPPLY 60W, 24VDC DIN",ON SITE,false,1,1
254,PLAT50015-000,50015-000,ARRAY TECH TECHNOLOGIES (ATI),MEMORY STORAGE / TRACKER - PLC,"CARTRIDGE, REALTIME MEMORY CARD",ON SITE,false,2,1
255,PLAT20154-000,20154-000,ARRAY TECH TECHNOLOGIES (ATI),PLC CONTROLLER / TRACKER - PLC,PLC - 4X MOTOR CONTROLLER,ON SITE,false,1,1
256,PLAT20153-000,20153-000,ARRAY TECH TECHNOLOGIES (ATI),PLC CONTROLLER / TRACKER - PLC,PLC - CENTRAL CONTROLLER | SITE DATA CONTROLLER,ON SITE,false,1,1
257,PLSCTWDLMDA20DRT,TWDLMDA20DRT,SCHNEIDER,PLC CONTROLLER (BECKHOFF),TWIDO PLC POCESSOR,ON SITE,false,1,1
258,PLSCTM2AR18ALT,TM2AR18ALT,SCHNEIDER,PLC CONTROLLER (BECKHOFF),"81663 TWIDO MOD 8AI, PT100, PT1000",ON SITE,false,1,1
259,PLSCTWDDDI16DT,TWDDDI16DT,SCHNEIDER,PLC CONTROLLER (BECKHOFF),"16 DIGITAL OUTPUT SCHNEIDER ELECTRIC TM3DI8 PICTURE - DISCRETE INPUT MODULE, MODICON TM3, 16 INPUTS, SCREW, 24V DC | TM3D16",ON SITE,false,1,1
260,PLSCTM2DRA16RT,TM2DRA16RT,SCHNEIDER,PLC CONTROLLER (BECKHOFF),16 DIGITAL INPUT |,ON SITE,false,1,1
261,MISCPADSEI140,SEI140,ZENITH SAFETY PRODUCTS,HARDWARE (BOLTS),MELTBLOWN SORBENT PADS - OIL ONLY,ON SITE,false,3,1
262,IGSMAIGR08810084EA,IGBT - R08810084EA,SEMIKRON,IGBT NEW SEMI-CUBE KITS,"IGBT STACK, SMA",ON SITE,false,5,2
263,TRSMA04-04-106500.01,04-106500.01,SMA,TRANSFORMER,"SINE-WAVE FILTER CHOKE (107 µFX3, 1300 A)",ON SITE,false,1,1
264,FUSS46200A,45116306,SOUTHERN STATES LLC,HV FUSES,"PF46200, 200A FUSE.  POWER FUSE LINK | 46KV 200A",ON SITE,false,2,1
265,FUSS46300E,465300R3,SOUTHERN STATES LLC,HV FUSES,FUSE LINKS 46KV 300E SMD-2C LB FUSE | 145825R10-E |TCC-153-1 | SMD-2C | A159480|MV FUSE BY TRACKS,ON SITE,false,2,1
266,CECIRUTLEY,CCBF16,COOPER INDUSTRIES,COMBINER BOX,COMBINER BOX - RUTLEY,ON SITE,false,1,1
267,MISNRGCLAMSHELL,MISNRGCLAMSHELL,NRG METALWORKS,SHAFT / HARDWARE (BOLTS),CLAM SHELL BRACKET FOR SHAFTS (SET: 2 UNITS),ON SITE,false,20,10
268,REFURBISHED,REFURBISHED,ARRAY TECH TECHNOLOGIES (ATI),PLC CONTROLLER / TRACKER - PLC,REFURBISHED ENCODER BOX ASSEMBLY,ON SITE,false,1,1
269,CTSN20553,TR20553,SATCON,AC CURRENT TRANSFORMER (CT),LEM-AC CT 1000A. | LF 1005-S E,ON SITE,false,5,3
270,SWSN12A250,FU94422,SATCON,SWITCH / RELAY,SW SPDT 250VAC/DC@12A INSUL 1300V FOR SI|  28-003-10 MICRO SWITCH FOR SEMICONDUCTOR FUSE SWITCH|250V 12A,ON SITE,false,5,3
271,LACI48KV39,UIAA0480392251A11,COOPER INDUSTRIES,LIGHTNING SURGE ARRESTER,"48KV, 39KV MCOV LIGHTNING ARRESTER | ANSI C62-11 | INTERMEDIATE CLASS",ON SITE,false,2,1
272,MXEDS-208A-MN,EDS-208A-MN-SG,MOXA,NETWORK SWITCH / PLC (BECKHOFF),FIBER OPTIC NETWORK CONTROLLER,ON SITE,false,1,1
273,SWAT50033-000,50033-000,ARRAY TECH TECHNOLOGIES (ATI),LIMIT SWITCHES,"SWITCH ACTR, ROLLER, SAFETY LIMIT",ON SITE,false,2,1
274,HDAT40004-000,40004-000,ARRAY TECH TECHNOLOGIES (ATI),SHAFT ADAPTER,"SHAFT, GEARBOX ADAPTER, SPLND 42MM",ON SITE,false,4,2
275,MOAT50208-000,50208-000,ARRAY TECH TECHNOLOGIES (ATI),TRACKER - MOTOR,"MTR, TENV IEC 90MM 240-480, B5 MNT, TP",ON SITE,false,2,1
276,AFSN00010,AF00010,SATCON,INVERTER AIR FILTERS,"AIR FILTER, 25X29.75X0.88, GRAY, 30 PPI",ON SITE,false,0,0
277,SWTLZCE01,ZCE01,TELEMECANIQUE,PLC CONTROLLER / LIMIT SWITCHES,HEAD OF SWITCH (ATTACHEMENT),ON SITE,false,2,1
278,FUSS46150E,465150R3,SOUTHERN STATES LLC,HV FUSES,A159460 SMDC-2C FUSE 46KV 150E TCC 153-1,ON SITE,false,2,1
279,AFSN00009,AF00009,SATCON,INVERTER AIR FILTERS,"AIRFILTER - 25"" X 12"" X0.83""''",ON SITE,false,0,0
280,HDB1901A,B1901A,HADDA,HARDWARE / TRACKER - UNIVERSAL JOINTS,UNIVERSAL JOINT 32X93MM,ON SITE,false,0,0
281,CTLF2005-S,LF2005-S,SATCON,AC CURRENT TRANSFORMER (CT),SATCON DC LEM | LF2005-S,ON SITE,false,5,3
282,CTLF1005-S,LF1005-S,LEM,AC CURRENT TRANSFORMER (CT),LEM | LF1005-S | CT SATCON INVERTERS,ON SITE,false,6,3
283,FUSS46200E,465200R3,SOUTHERN STATES LLC,HV FUSES,FUSE LINKS 46KV 200E | 200E SMD-2C LB FUSE | LOAD BREAK FUSE 7417-LBS,ON SITE,false,2,1
284,MISCTMZCMC21L1,ZCMC21L1,TELEMECANIQUE,CABLES/WIRING/HARNESS,EXTENSION CABLE,ON SITE,false,2,1
285,FHFZUS271M1,US271M1,FERAZ SHAWMUT,HV FUSE,FERRAZ SHAWMUT INVERTERR 27X60FUSE HOLDER- GROUND CURRENT,ON SITE,false,1,2
286,CASNCA13117-03,CA13117-03,SATCON,CAPACITOR,1500UF IGBT CAPACITORS (1 SET: 6 UNITS),ON SITE,false,1,1
287,REFURBISHED,REFURBISHED,ARRAY TECH TECHNOLOGIES (ATI),HARDWARE / TRACKER - UNIVERSAL JOINTS,REFURBISHED UNIVERSAL JOINT (UNIV JT),ON SITE,false,40,20
288,REFURBISHED,REFURBISHED,ARRAY TECH TECHNOLOGIES (ATI),GEARBOX,REFURNISHED VR GEARBOX + MAIN GEARBOX,ON SITE,false,2,1
289,FHCBCHPV,CHPV,COOPER BUSSMAN,COMBINERS / DC FUSES,"FUSE HOLDER, 1000VDC-30A-33KA",ON SITE,false,20,10
290,MISCATISHOCKABSORBER,AT-Shock Absorber,ARRAY TECH TECHNOLOGIES (ATI),RACKING / TRACKER PARTS,DAMPENER SHOCK ABSORBER,ON SITE,false,5,2
291,FUSS45017306,45017306,SOUTHERN STATES LLC,HV FUSES,200A STANDARD SPEED HPS | 46KV,ON SITE,false,2,1
292,FHSS41100438,41100438,SOUTHERN STATES LLC,HV FUSE HOLDER,TYPE: HPA | 48.KV | 300A| FUSE HOLDER,ON SITE,false,2,1
293,FULFLDC300,LDC300,LITTLEFUSE,HV FUSES,600VDC 300A CLASS L FUSE (DC FUSE),ON SITE,false,6,3
294,SWADEKI-2525M-ST,EKI-2525M-ST,ADVANTECH,COMMUNICATION EQUIPMENT / PLC (BECKHOFF),ETHERNET SWITCH,ON SITE,false,1,2
295,CBATIA12106CHQRFG,A12106CHQRFG,ARRAY TECH TECHNOLOGIES (ATI),TRACKER - ENCLOSURE,CONTROL BOX ENCLOSURE - NEMA TYPE 4X ENCLOSURE - HOFFMAN,ON SITE,false,5,2
296,MISCREFURBSHORTSHAFT01,MISCREFURBSHORTSHAFT01,ARRAY TECH TECHNOLOGIES (ATI),SHORT SHAFT,SHORT SHAFT,ON SITE,false,4,2
297,MISCREFURBLONGSHAFT01,MISCREFURBLONGSHAFT01,ARRAY TECH TECHNOLOGIES (ATI),LONG SHAFT,LONG SHAFT,ON SITE,false,4,2
298,CBABBS202MK40ADC,S202M-K40A-DC,ABB,AC BREAKER,"2P, 24VDC, 40A BREAKER",ON SITE,false,1,1
299,FUSI3033913.4,3033913.4,SIBA,HV FUSES,40A 38.5KV FUSE LINK | SIMILAR RATING AS #177,ON SITE,false,2,1
300,GBATIBGM500970,BGM500970,BONFIGIOLI,GEARBOX,NEW STYLE DRIVE GEARBOX - INCLUDED SHAFT MODIFICATION | VF/W 49/110 L2 U 560 P80 B5 B3 CCW2 14 40 (+ ID: 29 & 311),ON SITE,false,3,1
301,REFURBISHED,REFURBISHED,ARRAY TECH TECHNOLOGIES (ATI),TRACKER - MOTOR,REFURBISHED 1/2 HP 230/460 VAC 3 PHASE MOTOR ONLY 480V,ON SITE,false,2,1
302,REFURBISHED,REFURBISHED,ARRAY TECH TECHNOLOGIES (ATI),SLEW GEARBOX REPAIR,REFURBISHED SLEW GEAR (SLAVE GEARBOX),ON SITE,false,4,2
303,FUSI3028713.100,3028713.100,SIBA,HV FUSES,27KV 100A (I.E. E-HOUSE FEEDERS),ON SITE,false,2,2
304,REGM7823AA,7823AA,GM FRASER,RELAY,LOCKOUT RELAY 24VDC,ON SITE,false,1,1
305,RLSC12A125,RSB1A120F7,SCHNEIDER,RELAY,125VDC COIL 12A 250VAC RELAY,ON SITE,false,1,1
306,LISCXB4BVB5,XB4BVB5,SCHNEIDER,LIGHT / RELAY,XB4BVB5. YELLOW PILOT LIGHT,ON SITE,false,1,1
307,SWSCZB4BG2,ZB4BG2,SCHNEIDER,SWITCH / RELAY,2 POSITION SELECTOR SWITCH,ON SITE,false,1,1
308,PBSCZB4BS54,ZB4BS844,SCHNEIDER,PUSH BUTTON / RELAY,TURN TO RELEASE RED MUSHROOM HEAD PUSHBUTTON,ON SITE,false,1,1
309,SNAF00011,AF00011,SATCON,FAN / LOUVER / AIR FILTER,"AIR FILTER, 25X29.75X0.88 |AIR FILTER, 15X31.75X0.5, GRAY, 30 PPI",ON SITE,false,1,1
310,ATIZCY16,ZCY16,TELEMECANIQUE,LIMIT SWITCHES,SOFT LIMIT SWITCH: WHEEL (ZCY16) - ATTACHEMENT (ZCE01) -  BODY (ZCMD61),ON SITE,false,1,1
311,ATISpacers,ATISpacers,NRG METALWORKS,GEARBOX / SPACER,SPACERS FOR NEW DRIVE GEARBOXES (ID: 300),ON SITE,false,1,1
312,MXEDS-208A-MM,EDS-208A-MM-ST,MOXA,NETWORK SWITCH / PLC (BECKHOFF),FIBER OPTIC SWITCH / 24VDC / ST CONNECTOR,ON SITE,false,1,1
313,HFA12106CHQRFG/95F2774,A12106CHQRFG/95F2774,HOFFMAN ENCLOSURES INC,ENCLOSURE / COMBINER BOX,TRACKER CONTROL BOX | INDUSTRIAL CONTROL PANEL ENCLOSURE,ON SITE,false,1,1
314,BKPLCZB8610,ZB8610,BECKHOFF,PLC CONTROLLER / PLC (BECKHOFF),FAN CARTRIDGE FOR ETHERCAT AND BUS TERMINALS,ON SITE,false,1,1
315,BKPLCEL3204,EL3204,BECKHOFF,PLC CONTROLLER / PLC (BECKHOFF),"4-CHANNEL INPUT TERMINAL PT100 (RTD) FOR RESISTANCE - SENSORS, 16 BIT, 2-WIRE SYSTEM",ON SITE,false,1,1
316,RLSCZBE101,ZBE101,SCHNEIDER,RELAY,NO CONTACT RELAY,ON SITE,false,1,1
317,PCSN2040-04-C,PC02040-04-C,SATCON,DIGITAL BOARD / DPCB + IGBT BOARDS,REFURBISHED DC MONITORING / COMMUNICATION BOARD (DPCB BOARD),ON SITE,false,2,1
318,PCSN2040-04-CR,PC02040-04-C,SATCON,DIGITAL BOARD / DPCB + IGBT BOARDS,NEW DC MONITORING /COMMUNICATION BOARD | 16 CHANNEL ANALOG MULTIPLEXER - CIRCUIT,ON SITE,false,2,1
319,TRSMA04-2306515001,04-2306515001,SMA,TRANSFORMER,50ΜH 1500A 3KHZ THREE-PHASE FILTER CHOKE (COMPATIBLE WITH ID: 263),ON SITE,false,1,1
320,SWES002008-12D-3,002008-12D-3,ELECTROSWITCH,RELAY,ELECTROSWITCH 002008-12D-3 LOCK OUT RELAYS,ON SITE,false,1,1
321,FASMA105588,SMA105588,SMA,FANS,CUSTOM FAN RADIAL FLOW FAN (230VAC 115W) CABINET FAN FOR CP,ON SITE,false,4,1
322,HASMA65-04100288,SMA65-04100288,SMA,HARDWARE (BOLTS),CU-FLEX BUS BAR (288X20X.5.0),ON SITE,false,6,3
323,PCSMAS2C0,S2C0,SMA,DIGITAL CONTROL BOARD,VOLTAGE MEASUREMENT ASSEMBLY,ON SITE,false,2,1
324,CNABBAF1650D,HDAF1650T-30-11,ABB,AC CONTACTOR,230-240V AC/DC 1650A CONTACTOR |SMA CP 500,ON SITE,false,2,1
325,CAHDE62.R23-753,CAHDE62.R23-753,HADDA,CAPACITOR,75UF. +/-5%. 750V AC IEC 61071. AC CAPACITOR,ON SITE,false,6,3
326,NEW,HEA0606R,HADDA,CAPACITOR,CAP 60UF 3V 0.13 OHM AECQ,ON SITE,false,10,5
327,NEW,H2023E01,HADDA,HARDWARE / TRACKER - UNIVERSAL JOINTS,COUPLING ASSEMBLY | TRACKER ASSEMBLY,ON SITE,false,10,5
328,PCSAPC2029-18-C,PC02029-18-C,SATCON,DIGITAL BOARD / DPCB + IGBT BOARDS,VOLTAGE CURRENT SENSING BOARD SATCON (REFURBISHED),ON SITE,false,3,2
329,TM3DQ16R,PLTM3DQ16R,SCHNEIDER,PLC CONTROLLER,"DISCRETE OUTPUT, TM3 16 RELAY OUTPUTS, 24VDC",ON SITE,false,1,1
330,LAOH3000173001,OH3000173001,OHIO BRASS,LIGHTNING SURGE ARRESTER,HUBBELL:3000173001 PVI INTL CLASS ARRESTOR | 17KV MCOV | 21KV DUTY CYCLE,ON SITE,false,2,1
331,TM221M16R,PLTM221M16R,SCHNEIDER,PLC CONTROLLER,"LOGIC CONTROLLER, MODICON M221, 16 IO RELAY",ON SITE,false,2,1
332,TM3DI8,PLTM3DI8,SCHNEIDER,PLC CONTROLLER,"DISCRETE INPUT MODULE, MODICON TM3, 8 INPUTS, 24VDC",ON SITE,false,2,1
333,TM3TI4,PLTM3TI4,SCHNEIDER,PLC CONTROLLER,"ANALOG INPUT MODULE, MODICON TM3, 4 TMEPERATURE INPUTS",ON SITE,false,2,1
334,TM3DI16,PLTM3DI16,SCHNEIDER,PLC CONTROLLER,"DISRETE INPUT MODULE, TM3, 16 INPUTS, 24VDC",ON SITE,false,2,1
335,ABB1SFN010716R1010,CN1SFN010716R1010,ABB,CONTACTOR,ABB - 1SFN010716R1010 AUXILLARY CONTACT 1 N/O | AC CONTACTOR,ON SITE,false,2,1
336,BCMTDC24/25-1U-V13,MTDC24/25-1U-V13,MDS POWER,BATTERY CHARGER,130VDC INPUT TO 24VDC OUTPUT @ 25A - MODEL: MTD24/25-130-1U,ON SITE,false,2,1
337,INV_PVS-500-UL,PVS-500-UL,SATCON,INVERTER,POWERGATE PLUS 500 KW UL INVERTER,STORAGE (CAMBRIDGE),false,2,1
338,HAK0378910-00,K0378910-000,KIPPEN ZONEN,HARDWARE,CVF4 VENTILATION UNIT NO PLUG,ON SITE,false,2,1
339,HAK0362621,K0362621,KIPPEN ZONEN,HARDWARE,10 M CABLE PRE-WIRED WITH WATE 8-PIN CABLE,ON SITE,false,2,1
340,PCSMA10010000CA0,SMA10010000CA0,SMA,DIGITAL BOARD,SUNNY WEBBOX SC500HE,ON SITE,false,2,1
341,GN201160,201160,CHAMPION,GENERATOR,"PORTABLE GENERATOR - 12000W, 717CC OHV GAS ENGINE, 42L FUEL TANK",ON SITE,false,2,1
342,PSPH2866718-01,28667818-01,PHOENIX CONTACT,POWER SUPPLY,QUINT-PS/1AC/12DC/15,ON SITE,false,2,1
343,FASMA15079003,SMA15079003,SMA,HARDWARE,COVER FOR INVERTER BRIDGE FAN FOR SC XXXXCP10,ON SITE,false,2,1
344,RLEL690-00208-12D-3,RLEL690-00208-12D-3,ELECTROSWITCH,RELAY,RELAY SOCKETS AND FIXINGS,ON SITE,false,2,1
345,IGSKM400GB12T,SMAIGSKM400GB12T,SEMIKRON,IGBT,IGBT MODULE 1200V 400AMP,ON SITE,false,2,1
346,CBAB.SACE.TS5.400A,SACE.TS5.400A,ABB,BREAKER,SACE T5S 400 ABB TMAX 3POLE 400A 600V CIRCUIT BREAKER W/ SHUNT TRIP NEW TAKE OUT,ON SITE,false,2,1
347,PH2864150,2864150,PHOENIX CONTACT,PLC CONTROLLER,MINI MCR-SL-UI-UI-NC - INPUT SIGNAL CONDITIONER,ON SITE,false,2,1
348,PH2864370,2864370,PHOENIX CONTACT,PLC CONTROLLER,MINI MCR-SL-PT100-UI-200-NC - TEMPERATURE MEASURING TRANSDUCER,ON SITE,false,2,1
349,PH2961121,2961121,PHOENIX CONTACT,PLC CONTROLLER,REL-MR- 24DC/21AU - SINGLE RELAY,ON SITE,false,2,1
350,PH2938840,2938840,PHOENIX CONTACT,POWER SUPPLY,MINI-PS-100-240AC/24DC/1 - POWER SUPPLY,ON SITE,false,2,1
351,OC69271-FNF,OC69271-FNF,LAIRD,ANTENNA,OUTDOOR BI DIRECTIONAL ANTENNA,ON SITE,false,1,1
352,ModemBullet Plus,ModemBullet Plus,MICROHARD,MODEM,BULLETPLUS-NA2 - 4G/LTE ETHERNET & SERIAL GATEWAY,ON SITE,false,1,1
353,PH2866763,PH2866763,PHOENIX CONTACT,POWER SUPPLY,24VDC 10AMP POWER SUPPLY - QUINT- PS/1AC/24DC/10,ON SITE,false,1,1
354,SC COM,SC-COM,SMA,DIGITAL BOARD,SC-COM.GR6-US | SC-COM DEVICE (MAIN COMMUNICATION BOARD),ON SITE,false,1,1
355,HLE1500S,HLE1500S,LEM,CURRENT TRANSFORMER (CT),SENSOR CURRENT HALL 1500A AC/DC.  HAX1500S,ON SITE,false,1,1
356,SWRL102MC-SC,RL102MC-SC,UCIT,SWITCH,100 BASE / FX MULTIMODE UNMANAGED SWITCH / SC CONNECTOR,ON SITE,false,1,1
357,LEMDHR-300-C420,LEMDHR-300-C420,LEM,CURRENT TRANSFORMER (CT),"LEM300A TRANSDUCER ,4‐20MA.",ON SITE,false,1,1
358,PHPS2866501,2866501,PHOENIX CONTACT,POWER SUPPLY,TRIO POWER SUPPLY | PHOENIX CONTACT,,false,,
359,PUQT20.481,QT20.481,PULS,POWER SUPPLY,3AC 380-480 | 48-55VDC,,false,,
360,CTLMLM2005,LM2005,LEM,CURRENT TRANSFORMER (CT),TRANSDUCER FOR 250KW AEI INVERTER,,false,,
361,CBABAF1350,AF1350-30-11,ABB,INVERTER,100-250V 50/60HZ / 100-250V DC CONTACTOR | 250KW AEI INVERTER,,false,,
362,CNHAB400-30,HAB400-30,ABB,CONTACTOR,CONTACTOR 24-60V DC,,false,,
363,PC02043-C,PC02043-C,SATCON,DIGITAL BOARD,DPCB7 BOARD- SATCON MAIN CONTROL BOARD,,false,,
364,STP33-US-41,STP33-US-41,SMA,INVERTER,SMA TRIPOWER CORE1 - STP33-US-41 INVERTERS,,false,,
365,AE250KW,AE250KW,AEI,INVERTER,USED ADVANCED ENERGY INVERTER 250KW/600V,STORAGE (CAMBRIDGE),false,,
366,PCAEHA76-600094,PCAEHA76-600094,AEI,DIGITAL BOARD,"COM CARD, COMPLETE, COMMERCIAL",,false,,
367,PCAEHA22-60036,PCAEHA22-60036,AEI,DIGITAL BOARD,"PCB ASSY, HV DISTRIBUTION 260KWTX",,false,,
368,PCAE34-600011,PCAE34-600011,AEI,DIGITAL BOARD,GATE DRIVER BOARD-PC34-600011/35KW AEI,,false,,
369,FAEBMR3G310-AL,FAEBMR3G310-AL,EBMPAPST,FAN,"BLOWER, 48VDC, COMMERCIAL FAAEHA70-600001. 75/100KW AEI",,false,,
370,22-1002270-02,22-1002270-02,AEI,DIGITAL BOARD,"PCB ASSY, AC DISTRIBUTION, 600V/250KW AE",,false,,
371,EMHXD-200,EMHXD-200,LEVITON,DATA LOGGER,LEVITON EMHXD-220 DUAL ENET & MODBUS ENERGY MONITORING HUB SET,,false,,
372,ModemBullet Plus,ModemBullet Plus,MICROHARD,MODEM,MICROHARD 4G/LTE ETHERNET & SERIAL GATEWAY MODEM PACKAGE,,false,,
373,22-1002270-02,22-1002270-02,AEI,DIGITAL BOARD,"PCB ASSY, AC DISTRIBUTION, 600V/250KW AE",,false,,
374,PCAEHA76-600094,PCAEHA76-600094,AEI,DIGITAL BOARD,"COM CARD, COMPLETE, COMMERCIAL",,false,,
375,SMADFOD 124866-00.01,SMADFOD 124866-00.01,AME,DIGITAL BOARD,"SEMIKUBE IGBT DRIVER BOARD | 64-1148120, 64-1148130, 120962-00.01, 124172-00.01",,false,,
376,CNAEHA44-600014,CNAEHA44-600014,AEI,CONTACTOR,3PH AC MAIN CONTACTOR FOR 35/50KW,,false,,
377,CNAEHA44-600014,CNAEHA44-600014,AURORA,INVERTER,SPARE ABB AURORA PV 3PH,,false,,
